100000,100,10,0.0357000000,6.4800000000,0.0000000000,0.0000000000,0.3125000000,0.0000000000,0.0000000000,0.1872000000,0.0000000000,0.5647000000 
100000,100,100,0.0368000000,6.4700000000,0.0000000000,0.0000000000,0.4900000000,0.0000000000,0.0000000000,0.3435000000,0.0000000000,0.6888000000 
100000,100,1000,0.0356000000,6.4900000000,0.0000000000,0.0000000000,1.2847000000,0.0000000000,0.0000000000,1.5667000000,0.0000000000,1.4962000000 
100000,200,10,0.0432000000,6.5400000000,0.0000000000,0.0000000000,0.3158000000,0.0000000000,0.0000000000,0.1840000000,0.0000000000,0.5588000000 
100000,200,100,0.0440000000,6.4700000000,0.0000000000,0.0000000000,0.5081000000,0.0000000000,0.0000000000,0.3427000000,0.0000000000,0.6935000000 
100000,200,1000,0.0443000000,6.5100000000,0.0000000000,0.0000000000,1.2948000000,0.0000000000,0.0000000000,1.5644000000,0.0000000000,1.4834000000 
100000,300,10,0.0610000000,6.3500000000,0.0000000000,0.0000000000,0.3293000000,0.0000000000,0.0000000000,0.1879000000,0.0000000000,0.5608000000 
100000,300,100,0.0598000000,6.5600000000,0.0000000000,0.0000000000,0.5248000000,0.0000000000,0.0000000000,0.3443000000,0.0000000000,0.6922000000 
100000,300,1000,0.0604000000,6.5300000000,0.0000000000,0.0000000000,1.3405000000,0.0000000000,0.0000000000,1.5802000000,0.0000000000,1.4992000000 
100000,400,10,0.0537000000,6.5700000000,0.0000000000,0.0000000000,0.3410000000,0.0000000000,0.0000000000,0.1968000000,0.0000000000,0.5788000000 
100000,400,100,0.0539000000,6.6100000000,0.0000000000,0.0000000000,0.5415000000,0.0000000000,0.0000000000,0.3572000000,0.0000000000,0.7070000000 
100000,400,1000,0.0543000000,6.5300000000,0.0000000000,0.0000000000,1.3545000000,0.0000000000,0.0000000000,1.5830000000,0.0000000000,1.5080000000 
100000,500,10,0.0586000000,6.3100000000,0.0000000000,0.0000000000,0.3402000000,0.0000000000,0.0000000000,0.1990000000,0.0000000000,0.5820000000 
100000,500,100,0.0599000000,6.3200000000,0.0000000000,0.0000000000,0.5498000000,0.0000000000,0.0000000000,0.3572000000,0.0000000000,0.7225000000 
100000,500,1000,0.0578000000,6.4600000000,0.0000000000,0.0000000000,1.3611000000,0.0000000000,0.0000000000,1.5808000000,0.0000000000,1.5099000000 
100000,600,10,0.0741000000,6.5900000000,0.0000000000,0.0000000000,0.3496000000,0.0000000000,0.0000000000,0.1969000000,0.0000000000,0.5771000000 
100000,600,100,0.0737000000,6.6500000000,0.0000000000,0.0000000000,0.5614000000,0.0000000000,0.0000000000,0.3564000000,0.0000000000,0.7110000000 
100000,600,1000,0.0742000000,6.6100000000,0.0000000000,0.0000000000,1.3767000000,0.0000000000,0.0000000000,1.5794000000,0.0000000000,1.4996000000 
100000,700,10,0.0791000000,6.6900000000,0.0000000000,0.0000000000,0.3481000000,0.0000000000,0.0000000000,0.1970000000,0.0000000000,0.5782000000 
100000,700,100,0.0808000000,6.6000000000,0.0000000000,0.0000000000,0.5570000000,0.0000000000,0.0000000000,0.3568000000,0.0000000000,0.7103000000 
100000,700,1000,0.0808000000,6.5700000000,0.0000000000,0.0000000000,1.3869000000,0.0000000000,0.0000000000,1.5810000000,0.0000000000,1.5074000000 
100000,800,10,0.0693000000,6.5900000000,0.0000000000,0.0000000000,0.3465000000,0.0000000000,0.0000000000,0.1972000000,0.0000000000,0.5814000000 
100000,800,100,0.0675000000,6.6600000000,0.0000000000,0.0000000000,0.5532000000,0.0000000000,0.0000000000,0.3582000000,0.0000000000,0.7133000000 
100000,800,1000,0.0680000000,6.6700000000,0.0000000000,0.0000000000,1.3861000000,0.0000000000,0.0000000000,1.5780000000,0.0000000000,1.5085000000 
100000,900,10,0.0683000000,6.4900000000,0.0000000000,0.0000000000,0.3468000000,0.0000000000,0.0000000000,0.2005000000,0.0000000000,0.5866000000 
100000,900,100,0.0678000000,6.5000000000,0.0000000000,0.0000000000,0.5599000000,0.0000000000,0.0000000000,0.3561000000,0.0000000000,0.7229000000 
100000,900,1000,0.0680000000,6.6500000000,0.0000000000,0.0000000000,1.3960000000,0.0000000000,0.0000000000,1.5817000000,0.0000000000,1.5182000000 
100000,1000,10,0.0719000000,6.4600000000,0.0000000000,0.0000000000,0.3451000000,0.0000000000,0.0000000000,0.1985000000,0.0000000000,0.5845000000 
100000,1000,100,0.0716000000,6.6100000000,0.0000000000,0.0000000000,0.5592000000,0.0000000000,0.0000000000,0.3565000000,0.0000000000,0.7222000000 
100000,1000,1000,0.0721000000,6.5400000000,0.0000000000,0.0000000000,1.3788000000,0.0000000000,0.0000000000,1.5805000000,0.0000000000,1.4987000000 
100000,1100,10,0.0900000000,6.6400000000,0.0000000000,0.0000000000,0.3577000000,0.0000000000,0.0000000000,0.1999000000,0.0000000000,0.5819000000 
100000,1100,100,0.0901000000,6.6600000000,0.0000000000,0.0000000000,0.5719000000,0.0000000000,0.0000000000,0.3585000000,0.0000000000,0.7119000000 
100000,1100,1000,0.0915000000,6.6600000000,0.0000000000,0.0000000000,1.3998000000,0.0000000000,0.0000000000,1.5785000000,0.0000000000,1.4937000000 
100000,1200,10,0.0934000000,6.6300000000,0.0000000000,0.0000000000,0.3578000000,0.0000000000,0.0000000000,0.1996000000,0.0000000000,0.5842000000 
100000,1200,100,0.0937000000,6.6300000000,0.0000000000,0.0000000000,0.5731000000,0.0000000000,0.0000000000,0.3582000000,0.0000000000,0.7155000000 
100000,1200,1000,0.0929000000,6.7700000000,0.0000000000,0.0000000000,1.4135000000,0.0000000000,0.0000000000,1.5753000000,0.0000000000,1.5066000000 
100000,1300,10,0.0965000000,6.6300000000,0.0000000000,0.0000000000,0.3402000000,0.0000000000,0.0000000000,0.1897000000,0.0000000000,0.5681000000 
100000,1300,100,0.0976000000,6.5900000000,0.0000000000,0.0000000000,0.5396000000,0.0000000000,0.0000000000,0.3425000000,0.0000000000,0.6785000000 
100000,1300,1000,0.0980000000,6.6100000000,0.0000000000,0.0000000000,1.3761000000,0.0000000000,0.0000000000,1.5582000000,0.0000000000,1.4770000000 
100000,1400,10,0.1019000000,6.6600000000,0.0000000000,0.0000000000,0.3452000000,0.0000000000,0.0000000000,0.1907000000,0.0000000000,0.5729000000 
100000,1400,100,0.1013000000,6.7000000000,0.0000000000,0.0000000000,0.5470000000,0.0000000000,0.0000000000,0.3461000000,0.0000000000,0.6930000000 
100000,1400,1000,0.1019000000,6.7500000000,0.0000000000,0.0000000000,1.4139000000,0.0000000000,0.0000000000,1.5706000000,0.0000000000,1.5032000000 
100000,1500,10,0.1020000000,6.8400000000,0.0000000000,0.0000000000,0.3527000000,0.0000000000,0.0000000000,0.1982000000,0.0000000000,0.5821000000 
100000,1500,100,0.1024000000,6.7000000000,0.0000000000,0.0000000000,0.5679000000,0.0000000000,0.0000000000,0.3551000000,0.0000000000,0.7159000000 
100000,1500,1000,0.1035000000,6.6900000000,0.0000000000,0.0000000000,1.4049000000,0.0000000000,0.0000000000,1.5704000000,0.0000000000,1.4941000000 
100000,1600,10,0.0874000000,6.6300000000,0.0000000000,0.0000000000,0.3504000000,0.0000000000,0.0000000000,0.1966000000,0.0000000000,0.5811000000 
100000,1600,100,0.0875000000,6.6400000000,0.0000000000,0.0000000000,0.5672000000,0.0000000000,0.0000000000,0.3556000000,0.0000000000,0.7161000000 
100000,1600,1000,0.0890000000,6.6300000000,0.0000000000,0.0000000000,1.4088000000,0.0000000000,0.0000000000,1.5720000000,0.0000000000,1.5021000000 
100000,1700,10,0.0876000000,6.6100000000,0.0000000000,0.0000000000,0.3483000000,0.0000000000,0.0000000000,0.1976000000,0.0000000000,0.5825000000 
100000,1700,100,0.0884000000,6.5400000000,0.0000000000,0.0000000000,0.5663000000,0.0000000000,0.0000000000,0.3574000000,0.0000000000,0.7176000000 
100000,1700,1000,0.0883000000,6.6600000000,0.0000000000,0.0000000000,1.4222000000,0.0000000000,0.0000000000,1.5789000000,0.0000000000,1.5073000000 
100000,1800,10,0.0886000000,6.5700000000,0.0000000000,0.0000000000,0.3490000000,0.0000000000,0.0000000000,0.1981000000,0.0000000000,0.5835000000 
100000,1800,100,0.0896000000,6.5700000000,0.0000000000,0.0000000000,0.5674000000,0.0000000000,0.0000000000,0.3565000000,0.0000000000,0.7195000000 
100000,1800,1000,0.0902000000,6.4700000000,0.0000000000,0.0000000000,1.4256000000,0.0000000000,0.0000000000,1.5711000000,0.0000000000,1.5182000000 
100000,1900,10,0.0916000000,6.5400000000,0.0000000000,0.0000000000,0.3502000000,0.0000000000,0.0000000000,0.1981000000,0.0000000000,0.5857000000 
100000,1900,100,0.0910000000,6.5300000000,0.0000000000,0.0000000000,0.5547000000,0.0000000000,0.0000000000,0.3540000000,0.0000000000,0.7027000000 
100000,1900,1000,0.0920000000,6.4600000000,0.0000000000,0.0000000000,1.4119000000,0.0000000000,0.0000000000,1.5619000000,0.0000000000,1.5109000000 
100000,2000,10,0.0915000000,6.6200000000,0.0000000000,0.0000000000,0.3347000000,0.0000000000,0.0000000000,0.1891000000,0.0000000000,0.5716000000 
100000,2000,100,0.0925000000,6.5200000000,0.0000000000,0.0000000000,0.5549000000,0.0000000000,0.0000000000,0.3464000000,0.0000000000,0.7099000000 
100000,2000,1000,0.0935000000,6.5400000000,0.0000000000,0.0000000000,1.3913000000,0.0000000000,0.0000000000,1.5601000000,0.0000000000,1.4917000000 
100000,2100,10,0.1208000000,6.7400000000,0.0000000000,0.0000000000,0.3430000000,0.0000000000,0.0000000000,0.1860000000,0.0000000000,0.5604000000 
100000,2100,100,0.1217000000,6.6500000000,0.0000000000,0.0000000000,0.5509000000,0.0000000000,0.0000000000,0.3439000000,0.0000000000,0.6799000000 
100000,2100,1000,0.1223000000,6.7000000000,0.0000000000,0.0000000000,1.4091000000,0.0000000000,0.0000000000,1.5594000000,0.0000000000,1.4876000000 
100000,2200,10,0.1228000000,6.6500000000,0.0000000000,0.0000000000,0.3479000000,0.0000000000,0.0000000000,0.1898000000,0.0000000000,0.5690000000 
100000,2200,100,0.1228000000,6.6400000000,0.0000000000,0.0000000000,0.5599000000,0.0000000000,0.0000000000,0.3446000000,0.0000000000,0.6967000000 
100000,2200,1000,0.1231000000,6.7900000000,0.0000000000,0.0000000000,1.4007000000,0.0000000000,0.0000000000,1.5614000000,0.0000000000,1.4781000000 
100000,2300,10,0.1259000000,6.7400000000,0.0000000000,0.0000000000,0.3391000000,0.0000000000,0.0000000000,0.1841000000,0.0000000000,0.5572000000 
100000,2300,100,0.1253000000,6.6900000000,0.0000000000,0.0000000000,0.5648000000,0.0000000000,0.0000000000,0.3459000000,0.0000000000,0.6989000000 
100000,2300,1000,0.1264000000,6.6400000000,0.0000000000,0.0000000000,1.4201000000,0.0000000000,0.0000000000,1.5597000000,0.0000000000,1.4976000000 
100000,2400,10,0.1273000000,6.6800000000,0.0000000000,0.0000000000,0.3480000000,0.0000000000,0.0000000000,0.1893000000,0.0000000000,0.5695000000 
100000,2400,100,0.1270000000,6.7800000000,0.0000000000,0.0000000000,0.5659000000,0.0000000000,0.0000000000,0.3437000000,0.0000000000,0.7044000000 
100000,2400,1000,0.1281000000,6.6900000000,0.0000000000,0.0000000000,1.4210000000,0.0000000000,0.0000000000,1.5612000000,0.0000000000,1.4960000000 
100000,2500,10,0.1302000000,6.8300000000,0.0000000000,0.0000000000,0.3387000000,0.0000000000,0.0000000000,0.1845000000,0.0000000000,0.5582000000 
100000,2500,100,0.1318000000,6.7500000000,0.0000000000,0.0000000000,0.5743000000,0.0000000000,0.0000000000,0.3437000000,0.0000000000,0.7152000000 
100000,2500,1000,0.1305000000,6.8000000000,0.0000000000,0.0000000000,1.4130000000,0.0000000000,0.0000000000,1.5572000000,0.0000000000,1.4875000000 
100000,2600,10,0.1315000000,6.7500000000,0.0000000000,0.0000000000,0.3467000000,0.0000000000,0.0000000000,0.1900000000,0.0000000000,0.5711000000 
100000,2600,100,0.1322000000,6.7600000000,0.0000000000,0.0000000000,0.5565000000,0.0000000000,0.0000000000,0.3461000000,0.0000000000,0.6881000000 
100000,2600,1000,0.1326000000,6.7800000000,0.0000000000,0.0000000000,1.4232000000,0.0000000000,0.0000000000,1.5568000000,0.0000000000,1.4981000000 
100000,2700,10,0.1324000000,6.9200000000,0.0000000000,0.0000000000,0.3413000000,0.0000000000,0.0000000000,0.1853000000,0.0000000000,0.5640000000 
100000,2700,100,0.1343000000,6.8000000000,0.0000000000,0.0000000000,0.5686000000,0.0000000000,0.0000000000,0.3436000000,0.0000000000,0.7111000000 
100000,2700,1000,0.1352000000,6.8700000000,0.0000000000,0.0000000000,1.4464000000,0.0000000000,0.0000000000,1.5774000000,0.0000000000,1.5122000000 
100000,2800,10,0.1363000000,6.9200000000,0.0000000000,0.0000000000,0.3590000000,0.0000000000,0.0000000000,0.1971000000,0.0000000000,0.5853000000 
100000,2800,100,0.1357000000,6.8800000000,0.0000000000,0.0000000000,0.5808000000,0.0000000000,0.0000000000,0.3582000000,0.0000000000,0.7149000000 
100000,2800,1000,0.1363000000,6.9100000000,0.0000000000,0.0000000000,1.4431000000,0.0000000000,0.0000000000,1.5767000000,0.0000000000,1.5062000000 
100000,2900,10,0.1367000000,6.9300000000,0.0000000000,0.0000000000,0.3628000000,0.0000000000,0.0000000000,0.2005000000,0.0000000000,0.5921000000 
100000,2900,100,0.1365000000,6.8800000000,0.0000000000,0.0000000000,0.5773000000,0.0000000000,0.0000000000,0.3580000000,0.0000000000,0.7099000000 
100000,2900,1000,0.1384000000,6.9100000000,0.0000000000,0.0000000000,1.4655000000,0.0000000000,0.0000000000,1.5842000000,0.0000000000,1.5251000000 
100000,3000,10,0.1356000000,6.8000000000,0.0000000000,0.0000000000,0.3563000000,0.0000000000,0.0000000000,0.1968000000,0.0000000000,0.5830000000 
100000,3000,100,0.1371000000,6.7500000000,0.0000000000,0.0000000000,0.5831000000,0.0000000000,0.0000000000,0.3577000000,0.0000000000,0.7269000000 
100000,3000,1000,0.1383000000,6.7800000000,0.0000000000,0.0000000000,1.4463000000,0.0000000000,0.0000000000,1.5813000000,0.0000000000,1.5085000000 
100000,3100,10,0.1362000000,6.6800000000,0.0000000000,0.0000000000,0.3594000000,0.0000000000,0.0000000000,0.1987000000,0.0000000000,0.5887000000 
100000,3100,100,0.1362000000,6.6800000000,0.0000000000,0.0000000000,0.5792000000,0.0000000000,0.0000000000,0.3581000000,0.0000000000,0.7251000000 
100000,3100,1000,0.1372000000,6.6100000000,0.0000000000,0.0000000000,1.4681000000,0.0000000000,0.0000000000,1.5813000000,0.0000000000,1.5313000000 
100000,3200,10,0.1239000000,6.3500000000,0.0000000000,0.0000000000,0.3606000000,0.0000000000,0.0000000000,0.2002000000,0.0000000000,0.5912000000 
100000,3200,100,0.1229000000,6.4900000000,0.0000000000,0.0000000000,0.5802000000,0.0000000000,0.0000000000,0.3570000000,0.0000000000,0.7253000000 
100000,3200,1000,0.1249000000,6.4500000000,0.0000000000,0.0000000000,1.4454000000,0.0000000000,0.0000000000,1.5814000000,0.0000000000,1.5106000000 
100000,3300,10,0.1213000000,6.3400000000,0.0000000000,0.0000000000,0.3577000000,0.0000000000,0.0000000000,0.1995000000,0.0000000000,0.5876000000 
100000,3300,100,0.1225000000,6.1900000000,0.0000000000,0.0000000000,0.5819000000,0.0000000000,0.0000000000,0.3567000000,0.0000000000,0.7262000000 
100000,3300,1000,0.1248000000,6.2100000000,0.0000000000,0.0000000000,1.4515000000,0.0000000000,0.0000000000,1.5844000000,0.0000000000,1.5154000000 
100000,3400,10,0.1229000000,6.1200000000,0.0000000000,0.0000000000,0.3569000000,0.0000000000,0.0000000000,0.1989000000,0.0000000000,0.5849000000 
100000,3400,100,0.1224000000,6.0700000000,0.0000000000,0.0000000000,0.5805000000,0.0000000000,0.0000000000,0.3580000000,0.0000000000,0.7250000000 
100000,3400,1000,0.1248000000,6.0900000000,0.0000000000,0.0000000000,1.4702000000,0.0000000000,0.0000000000,1.5813000000,0.0000000000,1.5334000000 
100000,3500,10,0.1236000000,6.0800000000,0.0000000000,0.0000000000,0.3588000000,0.0000000000,0.0000000000,0.1993000000,0.0000000000,0.5875000000 
100000,3500,100,0.1233000000,6.1400000000,0.0000000000,0.0000000000,0.5776000000,0.0000000000,0.0000000000,0.3585000000,0.0000000000,0.7155000000 
100000,3500,1000,0.1245000000,6.0800000000,0.0000000000,0.0000000000,1.4589000000,0.0000000000,0.0000000000,1.5803000000,0.0000000000,1.5213000000 
100000,3600,10,0.1226000000,6.1100000000,0.0000000000,0.0000000000,0.3595000000,0.0000000000,0.0000000000,0.2002000000,0.0000000000,0.5887000000 
100000,3600,100,0.1235000000,6.0400000000,0.0000000000,0.0000000000,0.5884000000,0.0000000000,0.0000000000,0.3594000000,0.0000000000,0.7326000000 
100000,3600,1000,0.1258000000,6.0500000000,0.0000000000,0.0000000000,1.4559000000,0.0000000000,0.0000000000,1.5801000000,0.0000000000,1.5188000000 
100000,3700,10,0.1261000000,5.9200000000,0.0000000000,0.0000000000,0.3599000000,0.0000000000,0.0000000000,0.2000000000,0.0000000000,0.5882000000 
100000,3700,100,0.1258000000,5.9800000000,0.0000000000,0.0000000000,0.5819000000,0.0000000000,0.0000000000,0.3557000000,0.0000000000,0.7242000000 
100000,3700,1000,0.1270000000,5.9500000000,0.0000000000,0.0000000000,1.4732000000,0.0000000000,0.0000000000,1.5857000000,0.0000000000,1.5344000000 
100000,3800,10,0.1259000000,5.9900000000,0.0000000000,0.0000000000,0.3552000000,0.0000000000,0.0000000000,0.1987000000,0.0000000000,0.5839000000 
100000,3800,100,0.1270000000,5.9500000000,0.0000000000,0.0000000000,0.5695000000,0.0000000000,0.0000000000,0.3561000000,0.0000000000,0.7106000000 
100000,3800,1000,0.1272000000,5.9800000000,0.0000000000,0.0000000000,1.4712000000,0.0000000000,0.0000000000,1.5863000000,0.0000000000,1.5338000000 
100000,3900,10,0.1254000000,6.0400000000,0.0000000000,0.0000000000,0.3553000000,0.0000000000,0.0000000000,0.1992000000,0.0000000000,0.5837000000 
100000,3900,100,0.1268000000,6.0900000000,0.0000000000,0.0000000000,0.5851000000,0.0000000000,0.0000000000,0.3579000000,0.0000000000,0.7273000000 
100000,3900,1000,0.1291000000,6.0100000000,0.0000000000,0.0000000000,1.4643000000,0.0000000000,0.0000000000,1.5838000000,0.0000000000,1.5233000000 
100000,4000,10,0.1287000000,5.9400000000,0.0000000000,0.0000000000,0.3581000000,0.0000000000,0.0000000000,0.1989000000,0.0000000000,0.5874000000 
100000,4000,100,0.1284000000,6.0200000000,0.0000000000,0.0000000000,0.5876000000,0.0000000000,0.0000000000,0.3573000000,0.0000000000,0.7349000000 
100000,4000,1000,0.1294000000,6.1100000000,0.0000000000,0.0000000000,1.4605000000,0.0000000000,0.0000000000,1.5800000000,0.0000000000,1.5234000000 
100000,4100,10,0.1794000000,18.4500000000,0.0000000000,0.0000000000,0.3748000000,0.0000000000,0.0000000000,0.2028000000,0.0000000000,0.8736000000 
100000,4100,100,0.1790000000,18.5200000000,0.0000000000,0.0000000000,0.6061000000,0.0000000000,0.0000000000,0.3578000000,0.0000000000,1.0260000000 
100000,4100,1000,0.1812000000,18.5700000000,0.0000000000,0.0000000000,1.4980000000,0.0000000000,0.0000000000,1.5799000000,0.0000000000,1.8316000000 
100000,4200,10,0.1799000000,18.7100000000,0.0000000000,0.0000000000,0.3740000000,0.0000000000,0.0000000000,0.2017000000,0.0000000000,0.8760000000 
100000,4200,100,0.1800000000,18.7000000000,0.0000000000,0.0000000000,0.5881000000,0.0000000000,0.0000000000,0.3537000000,0.0000000000,1.0053000000 
100000,4200,1000,0.1826000000,18.6600000000,0.0000000000,0.0000000000,1.4853000000,0.0000000000,0.0000000000,1.5817000000,0.0000000000,1.8199000000 
100000,4300,10,0.1813000000,18.7800000000,0.0000000000,0.0000000000,0.3693000000,0.0000000000,0.0000000000,0.1999000000,0.0000000000,0.8709000000 
100000,4300,100,0.1829000000,18.8200000000,0.0000000000,0.0000000000,0.5946000000,0.0000000000,0.0000000000,0.3561000000,0.0000000000,1.0124000000 
100000,4300,1000,0.1840000000,18.8000000000,0.0000000000,0.0000000000,1.4715000000,0.0000000000,0.0000000000,1.5793000000,0.0000000000,1.8062000000 
100000,4400,10,0.1828000000,18.7200000000,0.0000000000,0.0000000000,0.3706000000,0.0000000000,0.0000000000,0.2012000000,0.0000000000,0.8720000000 
100000,4400,100,0.1828000000,18.7400000000,0.0000000000,0.0000000000,0.6005000000,0.0000000000,0.0000000000,0.3575000000,0.0000000000,1.0216000000 
100000,4400,1000,0.1855000000,18.7900000000,0.0000000000,0.0000000000,1.4993000000,0.0000000000,0.0000000000,1.5764000000,0.0000000000,1.8281000000 
100000,4500,10,0.1852000000,19.0200000000,0.0000000000,0.0000000000,0.3728000000,0.0000000000,0.0000000000,0.2019000000,0.0000000000,0.8782000000 
100000,4500,100,0.1841000000,19.1200000000,0.0000000000,0.0000000000,0.5958000000,0.0000000000,0.0000000000,0.3582000000,0.0000000000,1.0144000000 
100000,4500,1000,0.1874000000,19.0400000000,0.0000000000,0.0000000000,1.4826000000,0.0000000000,0.0000000000,1.5783000000,0.0000000000,1.8135000000 
100000,4600,10,0.1863000000,19.1600000000,0.0000000000,0.0000000000,0.3713000000,0.0000000000,0.0000000000,0.2020000000,0.0000000000,0.8785000000 
100000,4600,100,0.1846000000,19.1300000000,0.0000000000,0.0000000000,0.5888000000,0.0000000000,0.0000000000,0.3529000000,0.0000000000,1.0086000000 
100000,4600,1000,0.1882000000,19.1800000000,0.0000000000,0.0000000000,1.4902000000,0.0000000000,0.0000000000,1.5823000000,0.0000000000,1.8237000000 
100000,4700,10,0.1860000000,19.2300000000,0.0000000000,0.0000000000,0.3587000000,0.0000000000,0.0000000000,0.1931000000,0.0000000000,0.8595000000 
100000,4700,100,0.1851000000,19.2100000000,0.0000000000,0.0000000000,0.5840000000,0.0000000000,0.0000000000,0.3462000000,0.0000000000,1.0013000000 
100000,4700,1000,0.1880000000,19.0700000000,0.0000000000,0.0000000000,1.4536000000,0.0000000000,0.0000000000,1.5777000000,0.0000000000,1.8015000000 
100000,4800,10,0.1846000000,19.1700000000,0.0000000000,0.0000000000,0.3535000000,0.0000000000,0.0000000000,0.1912000000,0.0000000000,0.8467000000 
100000,4800,100,0.1869000000,19.0500000000,0.0000000000,0.0000000000,0.5763000000,0.0000000000,0.0000000000,0.3440000000,0.0000000000,0.9942000000 
100000,4800,1000,0.1888000000,19.1900000000,0.0000000000,0.0000000000,1.4524000000,0.0000000000,0.0000000000,1.5786000000,0.0000000000,1.7903000000 
100000,4900,10,0.1884000000,19.3300000000,0.0000000000,0.0000000000,0.3536000000,0.0000000000,0.0000000000,0.1914000000,0.0000000000,0.8493000000 
100000,4900,100,0.1876000000,19.4000000000,0.0000000000,0.0000000000,0.5676000000,0.0000000000,0.0000000000,0.3460000000,0.0000000000,0.9754000000 
100000,4900,1000,0.1907000000,19.3900000000,0.0000000000,0.0000000000,1.4611000000,0.0000000000,0.0000000000,1.5787000000,0.0000000000,1.8017000000 
100000,5000,10,0.1890000000,19.5200000000,0.0000000000,0.0000000000,0.3547000000,0.0000000000,0.0000000000,0.1904000000,0.0000000000,0.8518000000 
100000,5000,100,0.1899000000,19.5500000000,0.0000000000,0.0000000000,0.5775000000,0.0000000000,0.0000000000,0.3445000000,0.0000000000,0.9935000000 
100000,5000,1000,0.1908000000,19.6100000000,0.0000000000,0.0000000000,1.4513000000,0.0000000000,0.0000000000,1.5775000000,0.0000000000,1.7960000000 
100000,5100,10,0.1909000000,19.6600000000,0.0000000000,0.0000000000,0.3533000000,0.0000000000,0.0000000000,0.1900000000,0.0000000000,0.8512000000 
100000,5100,100,0.1908000000,19.6700000000,0.0000000000,0.0000000000,0.5653000000,0.0000000000,0.0000000000,0.3475000000,0.0000000000,0.9734000000 
100000,5100,1000,0.1935000000,19.6300000000,0.0000000000,0.0000000000,1.4650000000,0.0000000000,0.0000000000,1.5784000000,0.0000000000,1.8052000000 
100000,5200,10,0.1917000000,19.7300000000,0.0000000000,0.0000000000,0.3533000000,0.0000000000,0.0000000000,0.1905000000,0.0000000000,0.8553000000 
100000,5200,100,0.1914000000,19.8200000000,0.0000000000,0.0000000000,0.5704000000,0.0000000000,0.0000000000,0.3462000000,0.0000000000,0.9806000000 
100000,5200,1000,0.1944000000,19.8400000000,0.0000000000,0.0000000000,1.4543000000,0.0000000000,0.0000000000,1.5786000000,0.0000000000,1.8016000000 
100000,5300,10,0.1926000000,19.8200000000,0.0000000000,0.0000000000,0.3534000000,0.0000000000,0.0000000000,0.1903000000,0.0000000000,0.8527000000 
100000,5300,100,0.1933000000,19.8400000000,0.0000000000,0.0000000000,0.5826000000,0.0000000000,0.0000000000,0.3463000000,0.0000000000,0.9986000000 
100000,5300,1000,0.1949000000,19.8200000000,0.0000000000,0.0000000000,1.4547000000,0.0000000000,0.0000000000,1.5797000000,0.0000000000,1.7955000000 
100000,5400,10,0.1928000000,20.0000000000,0.0000000000,0.0000000000,0.3538000000,0.0000000000,0.0000000000,0.1899000000,0.0000000000,0.8546000000 
100000,5400,100,0.1936000000,19.9900000000,0.0000000000,0.0000000000,0.5699000000,0.0000000000,0.0000000000,0.3460000000,0.0000000000,0.9793000000 
100000,5400,1000,0.1952000000,20.0200000000,0.0000000000,0.0000000000,1.4652000000,0.0000000000,0.0000000000,1.5802000000,0.0000000000,1.8112000000 
100000,5500,10,0.1957000000,20.1100000000,0.0000000000,0.0000000000,0.3516000000,0.0000000000,0.0000000000,0.1903000000,0.0000000000,0.8554000000 
100000,5500,100,0.1945000000,20.1800000000,0.0000000000,0.0000000000,0.5698000000,0.0000000000,0.0000000000,0.3462000000,0.0000000000,0.9892000000 
100000,5500,1000,0.1967000000,20.1800000000,0.0000000000,0.0000000000,1.4695000000,0.0000000000,0.0000000000,1.5813000000,0.0000000000,1.8118000000 
100000,5600,10,0.1954000000,20.3100000000,0.0000000000,0.0000000000,0.3522000000,0.0000000000,0.0000000000,0.1893000000,0.0000000000,0.8558000000 
100000,5600,100,0.1962000000,20.1800000000,0.0000000000,0.0000000000,0.5742000000,0.0000000000,0.0000000000,0.3470000000,0.0000000000,0.9867000000 
100000,5600,1000,0.1987000000,20.2800000000,0.0000000000,0.0000000000,1.4589000000,0.0000000000,0.0000000000,1.5810000000,0.0000000000,1.8027000000 
100000,5700,10,0.1960000000,20.3200000000,0.0000000000,0.0000000000,0.3522000000,0.0000000000,0.0000000000,0.1892000000,0.0000000000,0.8564000000 
100000,5700,100,0.1952000000,20.5100000000,0.0000000000,0.0000000000,0.5736000000,0.0000000000,0.0000000000,0.3455000000,0.0000000000,0.9912000000 
100000,5700,1000,0.1983000000,20.5000000000,0.0000000000,0.0000000000,1.4563000000,0.0000000000,0.0000000000,1.5804000000,0.0000000000,1.8093000000 
100000,5800,10,0.1957000000,20.4700000000,0.0000000000,0.0000000000,0.3514000000,0.0000000000,0.0000000000,0.1900000000,0.0000000000,0.8550000000 
100000,5800,100,0.1964000000,20.5000000000,0.0000000000,0.0000000000,0.5817000000,0.0000000000,0.0000000000,0.3463000000,0.0000000000,1.0007000000 
100000,5800,1000,0.1996000000,20.4300000000,0.0000000000,0.0000000000,1.4653000000,0.0000000000,0.0000000000,1.5822000000,0.0000000000,1.8064000000 
100000,5900,10,0.1975000000,20.5600000000,0.0000000000,0.0000000000,0.3537000000,0.0000000000,0.0000000000,0.1896000000,0.0000000000,0.8569000000 
100000,5900,100,0.1970000000,20.4700000000,0.0000000000,0.0000000000,0.5709000000,0.0000000000,0.0000000000,0.3472000000,0.0000000000,0.9894000000 
100000,5900,1000,0.2002000000,20.6200000000,0.0000000000,0.0000000000,1.4707000000,0.0000000000,0.0000000000,1.5802000000,0.0000000000,1.8137000000 
100000,6000,10,0.1967000000,20.6900000000,0.0000000000,0.0000000000,0.3514000000,0.0000000000,0.0000000000,0.1896000000,0.0000000000,0.8571000000 
100000,6000,100,0.1978000000,20.7400000000,0.0000000000,0.0000000000,0.5768000000,0.0000000000,0.0000000000,0.3459000000,0.0000000000,0.9976000000 
100000,6000,1000,0.1994000000,20.6800000000,0.0000000000,0.0000000000,1.4564000000,0.0000000000,0.0000000000,1.5808000000,0.0000000000,1.8019000000 
100000,6100,10,0.1989000000,20.6900000000,0.0000000000,0.0000000000,0.3523000000,0.0000000000,0.0000000000,0.1896000000,0.0000000000,0.8579000000 
100000,6100,100,0.1991000000,20.5300000000,0.0000000000,0.0000000000,0.5767000000,0.0000000000,0.0000000000,0.3463000000,0.0000000000,0.9994000000 
100000,6100,1000,0.2001000000,20.7300000000,0.0000000000,0.0000000000,1.4479000000,0.0000000000,0.0000000000,1.5816000000,0.0000000000,1.7928000000 
100000,6200,10,0.1968000000,20.6100000000,0.0000000000,0.0000000000,0.3527000000,0.0000000000,0.0000000000,0.1898000000,0.0000000000,0.8551000000 
100000,6200,100,0.1965000000,20.7200000000,0.0000000000,0.0000000000,0.5783000000,0.0000000000,0.0000000000,0.3475000000,0.0000000000,0.9956000000 
100000,6200,1000,0.1992000000,20.7300000000,0.0000000000,0.0000000000,1.4492000000,0.0000000000,0.0000000000,1.5812000000,0.0000000000,1.7945000000 
100000,6300,10,0.1869000000,20.7900000000,0.0000000000,0.0000000000,0.3498000000,0.0000000000,0.0000000000,0.1892000000,0.0000000000,0.8526000000 
100000,6300,100,0.1883000000,20.7300000000,0.0000000000,0.0000000000,0.5649000000,0.0000000000,0.0000000000,0.3465000000,0.0000000000,0.9830000000 
100000,6300,1000,0.1901000000,20.7800000000,0.0000000000,0.0000000000,1.4526000000,0.0000000000,0.0000000000,1.5775000000,0.0000000000,1.8004000000 
100000,6400,10,0.1850000000,20.7400000000,0.0000000000,0.0000000000,0.3496000000,0.0000000000,0.0000000000,0.1897000000,0.0000000000,0.8553000000 
100000,6400,100,0.1850000000,20.7500000000,0.0000000000,0.0000000000,0.5686000000,0.0000000000,0.0000000000,0.3471000000,0.0000000000,0.9917000000 
100000,6400,1000,0.1878000000,20.6900000000,0.0000000000,0.0000000000,1.4632000000,0.0000000000,0.0000000000,1.5816000000,0.0000000000,1.8109000000 
100000,6500,10,0.1826000000,20.8900000000,0.0000000000,0.0000000000,0.3486000000,0.0000000000,0.0000000000,0.1888000000,0.0000000000,0.8543000000 
100000,6500,100,0.1846000000,20.7900000000,0.0000000000,0.0000000000,0.5707000000,0.0000000000,0.0000000000,0.3455000000,0.0000000000,0.9941000000 
100000,6500,1000,0.1865000000,20.7900000000,0.0000000000,0.0000000000,1.4482000000,0.0000000000,0.0000000000,1.5822000000,0.0000000000,1.7970000000 
100000,6600,10,0.1834000000,20.8900000000,0.0000000000,0.0000000000,0.3489000000,0.0000000000,0.0000000000,0.1882000000,0.0000000000,0.8539000000 
100000,6600,100,0.1836000000,20.7800000000,0.0000000000,0.0000000000,0.5668000000,0.0000000000,0.0000000000,0.3470000000,0.0000000000,0.9838000000 
100000,6600,1000,0.1858000000,20.9000000000,0.0000000000,0.0000000000,1.4481000000,0.0000000000,0.0000000000,1.5779000000,0.0000000000,1.7989000000 
100000,6700,10,0.1830000000,20.8800000000,0.0000000000,0.0000000000,0.3495000000,0.0000000000,0.0000000000,0.1896000000,0.0000000000,0.8519000000 
100000,6700,100,0.1828000000,20.9200000000,0.0000000000,0.0000000000,0.5670000000,0.0000000000,0.0000000000,0.3471000000,0.0000000000,0.9886000000 
100000,6700,1000,0.1851000000,20.8700000000,0.0000000000,0.0000000000,1.4665000000,0.0000000000,0.0000000000,1.5802000000,0.0000000000,1.8140000000 
100000,6800,10,0.1838000000,20.8900000000,0.0000000000,0.0000000000,0.3497000000,0.0000000000,0.0000000000,0.1890000000,0.0000000000,0.8506000000 
100000,6800,100,0.1837000000,21.0800000000,0.0000000000,0.0000000000,0.5739000000,0.0000000000,0.0000000000,0.3462000000,0.0000000000,0.9969000000 
100000,6800,1000,0.1861000000,20.9900000000,0.0000000000,0.0000000000,1.4491000000,0.0000000000,0.0000000000,1.5800000000,0.0000000000,1.7950000000 
100000,6900,10,0.1836000000,21.1800000000,0.0000000000,0.0000000000,0.3480000000,0.0000000000,0.0000000000,0.1893000000,0.0000000000,0.8500000000 
100000,6900,100,0.1843000000,21.1200000000,0.0000000000,0.0000000000,0.5662000000,0.0000000000,0.0000000000,0.3464000000,0.0000000000,0.9908000000 
100000,6900,1000,0.1868000000,21.2200000000,0.0000000000,0.0000000000,1.4449000000,0.0000000000,0.0000000000,1.5792000000,0.0000000000,1.7927000000 
100000,7000,10,0.1855000000,21.1800000000,0.0000000000,0.0000000000,0.3493000000,0.0000000000,0.0000000000,0.1895000000,0.0000000000,0.8522000000 
100000,7000,100,0.1846000000,21.1800000000,0.0000000000,0.0000000000,0.5710000000,0.0000000000,0.0000000000,0.3465000000,0.0000000000,0.9928000000 
100000,7000,1000,0.1844000000,20.8900000000,0.0000000000,0.0000000000,1.4044000000,0.0000000000,0.0000000000,1.5633000000,0.0000000000,1.7520000000 
100000,7100,10,0.1845000000,20.7500000000,0.0000000000,0.0000000000,0.3119000000,0.0000000000,0.0000000000,0.1698000000,0.0000000000,0.7839000000 
100000,7100,100,0.1837000000,20.8700000000,0.0000000000,0.0000000000,0.5365000000,0.0000000000,0.0000000000,0.3281000000,0.0000000000,0.9306000000 
100000,7100,1000,0.1839000000,20.8600000000,0.0000000000,0.0000000000,1.4148000000,0.0000000000,0.0000000000,1.5610000000,0.0000000000,1.7594000000 
100000,7200,10,0.1843000000,21.0000000000,0.0000000000,0.0000000000,0.3100000000,0.0000000000,0.0000000000,0.1683000000,0.0000000000,0.7842000000 
100000,7200,100,0.1846000000,20.9800000000,0.0000000000,0.0000000000,0.5468000000,0.0000000000,0.0000000000,0.3289000000,0.0000000000,0.9446000000 
100000,7200,1000,0.1837000000,21.1200000000,0.0000000000,0.0000000000,1.4129000000,0.0000000000,0.0000000000,1.5602000000,0.0000000000,1.7583000000 
100000,7300,10,0.1858000000,21.3500000000,0.0000000000,0.0000000000,0.3344000000,0.0000000000,0.0000000000,0.1809000000,0.0000000000,0.8227000000 
100000,7300,100,0.1852000000,21.4000000000,0.0000000000,0.0000000000,0.5757000000,0.0000000000,0.0000000000,0.3464000000,0.0000000000,0.9883000000 
100000,7300,1000,0.1867000000,21.4000000000,0.0000000000,0.0000000000,1.4561000000,0.0000000000,0.0000000000,1.5557000000,0.0000000000,1.7779000000 
100000,7400,10,0.1870000000,21.5500000000,0.0000000000,0.0000000000,0.3469000000,0.0000000000,0.0000000000,0.1885000000,0.0000000000,0.8435000000 
100000,7400,100,0.1868000000,21.5400000000,0.0000000000,0.0000000000,0.5681000000,0.0000000000,0.0000000000,0.3458000000,0.0000000000,0.9724000000 
100000,7400,1000,0.1885000000,21.5800000000,0.0000000000,0.0000000000,1.4479000000,0.0000000000,0.0000000000,1.5535000000,0.0000000000,1.7679000000 
100000,7500,10,0.1872000000,21.6500000000,0.0000000000,0.0000000000,0.3492000000,0.0000000000,0.0000000000,0.1892000000,0.0000000000,0.8473000000 
100000,7500,100,0.1875000000,21.6400000000,0.0000000000,0.0000000000,0.5665000000,0.0000000000,0.0000000000,0.3434000000,0.0000000000,0.9728000000 
100000,7500,1000,0.1889000000,21.8300000000,0.0000000000,0.0000000000,1.4585000000,0.0000000000,0.0000000000,1.5581000000,0.0000000000,1.7790000000 
100000,7600,10,0.1897000000,21.6700000000,0.0000000000,0.0000000000,0.3448000000,0.0000000000,0.0000000000,0.1844000000,0.0000000000,0.8388000000 
100000,7600,100,0.1891000000,21.8500000000,0.0000000000,0.0000000000,0.5627000000,0.0000000000,0.0000000000,0.3414000000,0.0000000000,0.9628000000 
100000,7600,1000,0.1904000000,21.8600000000,0.0000000000,0.0000000000,1.4820000000,0.0000000000,0.0000000000,1.5759000000,0.0000000000,1.8082000000 
100000,7700,10,0.1892000000,21.9100000000,0.0000000000,0.0000000000,0.3492000000,0.0000000000,0.0000000000,0.1898000000,0.0000000000,0.8533000000 
100000,7700,100,0.1893000000,22.0000000000,0.0000000000,0.0000000000,0.5791000000,0.0000000000,0.0000000000,0.3475000000,0.0000000000,0.9898000000 
100000,7700,1000,0.1919000000,22.0700000000,0.0000000000,0.0000000000,1.4852000000,0.0000000000,0.0000000000,1.5792000000,0.0000000000,1.8148000000 
100000,7800,10,0.1899000000,22.0300000000,0.0000000000,0.0000000000,0.3509000000,0.0000000000,0.0000000000,0.1896000000,0.0000000000,0.8553000000 
100000,7800,100,0.1905000000,22.1400000000,0.0000000000,0.0000000000,0.5752000000,0.0000000000,0.0000000000,0.3451000000,0.0000000000,0.9807000000 
100000,7800,1000,0.1913000000,22.0900000000,0.0000000000,0.0000000000,1.4708000000,0.0000000000,0.0000000000,1.5778000000,0.0000000000,1.7909000000 
100000,7900,10,0.1876000000,21.9300000000,0.0000000000,0.0000000000,0.3091000000,0.0000000000,0.0000000000,0.1688000000,0.0000000000,0.7894000000 
100000,7900,100,0.1875000000,21.9700000000,0.0000000000,0.0000000000,0.5279000000,0.0000000000,0.0000000000,0.3266000000,0.0000000000,0.9295000000 
100000,7900,1000,0.1889000000,21.9400000000,0.0000000000,0.0000000000,1.3988000000,0.0000000000,0.0000000000,1.5614000000,0.0000000000,1.7536000000 
100000,8000,10,0.1883000000,21.9200000000,0.0000000000,0.0000000000,0.3089000000,0.0000000000,0.0000000000,0.1692000000,0.0000000000,0.7872000000 
100000,8000,100,0.1886000000,21.7600000000,0.0000000000,0.0000000000,0.5412000000,0.0000000000,0.0000000000,0.3265000000,0.0000000000,0.9432000000 
100000,8000,1000,0.1875000000,21.9900000000,0.0000000000,0.0000000000,1.4043000000,0.0000000000,0.0000000000,1.5623000000,0.0000000000,1.7579000000 
100000,8100,10,0.1903000000,22.2100000000,0.0000000000,0.0000000000,0.3089000000,0.0000000000,0.0000000000,0.1670000000,0.0000000000,0.7873000000 
100000,8100,100,0.1903000000,22.0300000000,0.0000000000,0.0000000000,0.5350000000,0.0000000000,0.0000000000,0.3270000000,0.0000000000,0.9340000000 
100000,8100,1000,0.1889000000,22.0600000000,0.0000000000,0.0000000000,1.4129000000,0.0000000000,0.0000000000,1.5647000000,0.0000000000,1.7649000000 
100000,8200,10,0.2829000000,18.0300000000,0.0000000000,0.0000000000,0.3210000000,0.0000000000,0.0000000000,0.1710000000,0.0000000000,0.7622000000 
100000,8200,100,0.2826000000,17.9900000000,0.0000000000,0.0000000000,0.5533000000,0.0000000000,0.0000000000,0.3243000000,0.0000000000,0.9253000000 
100000,8200,1000,0.2869000000,18.1700000000,0.0000000000,0.0000000000,1.4521000000,0.0000000000,0.0000000000,1.5716000000,0.0000000000,1.7617000000 
100000,8300,10,0.2854000000,18.3500000000,0.0000000000,0.0000000000,0.3444000000,0.0000000000,0.0000000000,0.1805000000,0.0000000000,0.8034000000 
100000,8300,100,0.2828000000,18.1100000000,0.0000000000,0.0000000000,0.5424000000,0.0000000000,0.0000000000,0.3245000000,0.0000000000,0.9031000000 
100000,8300,1000,0.2886000000,18.5500000000,0.0000000000,0.0000000000,1.4734000000,0.0000000000,0.0000000000,1.5768000000,0.0000000000,1.7837000000 
100000,8400,10,0.2886000000,18.5200000000,0.0000000000,0.0000000000,0.3636000000,0.0000000000,0.0000000000,0.1931000000,0.0000000000,0.8369000000 
100000,8400,100,0.2890000000,18.5100000000,0.0000000000,0.0000000000,0.5846000000,0.0000000000,0.0000000000,0.3447000000,0.0000000000,0.9658000000 
100000,8400,1000,0.2922000000,18.5700000000,0.0000000000,0.0000000000,1.4888000000,0.0000000000,0.0000000000,1.5843000000,0.0000000000,1.7918000000 
100000,8500,10,0.2888000000,18.5200000000,0.0000000000,0.0000000000,0.3631000000,0.0000000000,0.0000000000,0.1915000000,0.0000000000,0.8339000000 
100000,8500,100,0.2906000000,18.5700000000,0.0000000000,0.0000000000,0.5807000000,0.0000000000,0.0000000000,0.3447000000,0.0000000000,0.9614000000 
100000,8500,1000,0.2943000000,18.6000000000,0.0000000000,0.0000000000,1.4672000000,0.0000000000,0.0000000000,1.5828000000,0.0000000000,1.7681000000 
100000,8600,10,0.2910000000,18.7200000000,0.0000000000,0.0000000000,0.3639000000,0.0000000000,0.0000000000,0.1905000000,0.0000000000,0.8364000000 
100000,8600,100,0.2916000000,18.6200000000,0.0000000000,0.0000000000,0.5841000000,0.0000000000,0.0000000000,0.3456000000,0.0000000000,0.9659000000 
100000,8600,1000,0.2928000000,18.6200000000,0.0000000000,0.0000000000,1.4792000000,0.0000000000,0.0000000000,1.5802000000,0.0000000000,1.7815000000 
100000,8700,10,0.2900000000,18.7700000000,0.0000000000,0.0000000000,0.3589000000,0.0000000000,0.0000000000,0.1892000000,0.0000000000,0.8325000000 
100000,8700,100,0.2916000000,18.7500000000,0.0000000000,0.0000000000,0.5883000000,0.0000000000,0.0000000000,0.3443000000,0.0000000000,0.9770000000 
100000,8700,1000,0.2902000000,18.6200000000,0.0000000000,0.0000000000,1.4688000000,0.0000000000,0.0000000000,1.5651000000,0.0000000000,1.7730000000 
100000,8800,10,0.2890000000,18.5200000000,0.0000000000,0.0000000000,0.3235000000,0.0000000000,0.0000000000,0.1713000000,0.0000000000,0.7721000000 
100000,8800,100,0.2890000000,18.5000000000,0.0000000000,0.0000000000,0.5484000000,0.0000000000,0.0000000000,0.3255000000,0.0000000000,0.9121000000 
100000,8800,1000,0.2895000000,18.3400000000,0.0000000000,0.0000000000,1.4297000000,0.0000000000,0.0000000000,1.5595000000,0.0000000000,1.7400000000 
100000,8900,10,0.2902000000,18.4800000000,0.0000000000,0.0000000000,0.3190000000,0.0000000000,0.0000000000,0.1687000000,0.0000000000,0.7660000000 
100000,8900,100,0.2892000000,18.5300000000,0.0000000000,0.0000000000,0.5464000000,0.0000000000,0.0000000000,0.3249000000,0.0000000000,0.9076000000 
100000,8900,1000,0.2883000000,18.5100000000,0.0000000000,0.0000000000,1.4282000000,0.0000000000,0.0000000000,1.5603000000,0.0000000000,1.7402000000 
100000,9000,10,0.2899000000,18.5600000000,0.0000000000,0.0000000000,0.3168000000,0.0000000000,0.0000000000,0.1683000000,0.0000000000,0.7641000000 
100000,9000,100,0.2899000000,18.4800000000,0.0000000000,0.0000000000,0.5462000000,0.0000000000,0.0000000000,0.3241000000,0.0000000000,0.9055000000 
100000,9000,1000,0.2913000000,18.5100000000,0.0000000000,0.0000000000,1.4306000000,0.0000000000,0.0000000000,1.5608000000,0.0000000000,1.7412000000 
100000,9100,10,0.2920000000,18.6200000000,0.0000000000,0.0000000000,0.3288000000,0.0000000000,0.0000000000,0.1746000000,0.0000000000,0.7830000000 
100000,9100,100,0.2967000000,19.0200000000,0.0000000000,0.0000000000,0.5868000000,0.0000000000,0.0000000000,0.3447000000,0.0000000000,0.9712000000 
100000,9100,1000,0.2991000000,19.0400000000,0.0000000000,0.0000000000,1.4726000000,0.0000000000,0.0000000000,1.5806000000,0.0000000000,1.7767000000 
100000,9200,10,0.2958000000,19.0200000000,0.0000000000,0.0000000000,0.3621000000,0.0000000000,0.0000000000,0.1919000000,0.0000000000,0.8394000000 
100000,9200,100,0.2941000000,19.0500000000,0.0000000000,0.0000000000,0.5887000000,0.0000000000,0.0000000000,0.3443000000,0.0000000000,0.9785000000 
100000,9200,1000,0.2981000000,19.1300000000,0.0000000000,0.0000000000,1.4761000000,0.0000000000,0.0000000000,1.5784000000,0.0000000000,1.7839000000 
100000,9300,10,0.2961000000,19.2100000000,0.0000000000,0.0000000000,0.3616000000,0.0000000000,0.0000000000,0.1901000000,0.0000000000,0.8390000000 
100000,9300,100,0.2952000000,19.2800000000,0.0000000000,0.0000000000,0.5892000000,0.0000000000,0.0000000000,0.3451000000,0.0000000000,0.9821000000 
100000,9300,1000,0.2990000000,19.1300000000,0.0000000000,0.0000000000,1.4810000000,0.0000000000,0.0000000000,1.5816000000,0.0000000000,1.7870000000 
100000,9400,10,0.2970000000,19.1700000000,0.0000000000,0.0000000000,0.3618000000,0.0000000000,0.0000000000,0.1907000000,0.0000000000,0.8401000000 
100000,9400,100,0.2982000000,19.1300000000,0.0000000000,0.0000000000,0.5903000000,0.0000000000,0.0000000000,0.3470000000,0.0000000000,0.9820000000 
100000,9400,1000,0.2997000000,19.3200000000,0.0000000000,0.0000000000,1.4703000000,0.0000000000,0.0000000000,1.5836000000,0.0000000000,1.7763000000 
100000,9500,10,0.2981000000,19.1100000000,0.0000000000,0.0000000000,0.3610000000,0.0000000000,0.0000000000,0.1902000000,0.0000000000,0.8376000000 
100000,9500,100,0.2976000000,19.1100000000,0.0000000000,0.0000000000,0.5823000000,0.0000000000,0.0000000000,0.3451000000,0.0000000000,0.9677000000 
100000,9500,1000,0.3009000000,19.2700000000,0.0000000000,0.0000000000,1.4735000000,0.0000000000,0.0000000000,1.5804000000,0.0000000000,1.7789000000 
100000,9600,10,0.2986000000,19.3700000000,0.0000000000,0.0000000000,0.3604000000,0.0000000000,0.0000000000,0.1910000000,0.0000000000,0.8393000000 
100000,9600,100,0.2989000000,19.3900000000,0.0000000000,0.0000000000,0.5846000000,0.0000000000,0.0000000000,0.3449000000,0.0000000000,0.9699000000 
100000,9600,1000,0.3002000000,19.4600000000,0.0000000000,0.0000000000,1.4773000000,0.0000000000,0.0000000000,1.5801000000,0.0000000000,1.7829000000 
100000,9700,10,0.3000000000,19.3400000000,0.0000000000,0.0000000000,0.3621000000,0.0000000000,0.0000000000,0.1905000000,0.0000000000,0.8398000000 
100000,9700,100,0.3006000000,19.3800000000,0.0000000000,0.0000000000,0.5895000000,0.0000000000,0.0000000000,0.3481000000,0.0000000000,0.9788000000 
100000,9700,1000,0.3025000000,19.4300000000,0.0000000000,0.0000000000,1.4829000000,0.0000000000,0.0000000000,1.5802000000,0.0000000000,1.7862000000 
100000,9800,10,0.3006000000,19.6200000000,0.0000000000,0.0000000000,0.3628000000,0.0000000000,0.0000000000,0.1898000000,0.0000000000,0.8417000000 
100000,9800,100,0.3027000000,19.4200000000,0.0000000000,0.0000000000,0.5823000000,0.0000000000,0.0000000000,0.3456000000,0.0000000000,0.9670000000 
100000,9800,1000,0.3047000000,19.5900000000,0.0000000000,0.0000000000,1.4993000000,0.0000000000,0.0000000000,1.5824000000,0.0000000000,1.8034000000 
100000,9900,10,0.3017000000,19.5000000000,0.0000000000,0.0000000000,0.3614000000,0.0000000000,0.0000000000,0.1907000000,0.0000000000,0.8392000000 
100000,9900,100,0.3001000000,19.4800000000,0.0000000000,0.0000000000,0.5741000000,0.0000000000,0.0000000000,0.3407000000,0.0000000000,0.9559000000 
100000,9900,1000,0.2982000000,19.3800000000,0.0000000000,0.0000000000,1.4333000000,0.0000000000,0.0000000000,1.5606000000,0.0000000000,1.7477000000 
100000,10000,10,0.2982000000,19.2400000000,0.0000000000,0.0000000000,0.3250000000,0.0000000000,0.0000000000,0.1711000000,0.0000000000,0.7788000000 
100000,10000,100,0.2978000000,19.0800000000,0.0000000000,0.0000000000,0.5594000000,0.0000000000,0.0000000000,0.3270000000,0.0000000000,0.9381000000 
100000,10000,1000,0.2977000000,19.2900000000,0.0000000000,0.0000000000,1.4403000000,0.0000000000,0.0000000000,1.5581000000,0.0000000000,1.7573000000 
